predict_cluster_gmm,burger,fries,salad,shake,hour,store_1,store_2,store_3,store_4,store_5,store_6,store_7,store_8,store_9
0,0.34546321998612073,2.234385843164469,1.8889226231783485,0.11853747397640528,12.22206800832755,4521.0,958.0,4577.0,971.0,4491.0,917.0,968.0,4660.0,993.0
1,1.7332537669700134,1.789795613904222,0.056541846934208564,0.3237356407578696,0.18752797254960465,626.0,7978.0,609.0,594.0,448.0,7985.0,579.0,651.0,639.0
2,3.1855147032550826,3.385679065280309,0.20005716940007862,2.831993425518991,18.741487119019546,928.0,2188.0,977.0,6496.0,867.0,2306.0,6509.0,1162.0,6554.0
