sample number,z_score,p_value
0,1.299845615246759,0.19365388787682258
1,2.829219691920751,0.004666165563967706
2,1.4018038870250238,0.16097381742121142
3,2.217470061251154,0.026590986713405318
4,2.6253031483642193,0.00865718516516889
5,2.319428333029421,0.020371822862494282
6,1.7076787023598243,0.08769597606331425
7,0.5861377127988955,0.5577829748738119
8,0.4841794410206287,0.6282585261770364
9,0.8920125281336939,0.3723862173677155
