sample number,z_score,p_value
0,-0.12757018964896805,0.8984891235499184
1,0.382221169242364,1.2977026790248023
2,1.9115952459163559,1.9440718704101696
3,1.4018038870250238,1.8390261825787886
4,1.299845615246759,1.8063461121231774
5,1.9115952459163559,1.9440718704101696
6,1.0959290716902255,1.726890184518093
7,0.4841794410206287,1.3717414738229636
8,0.9939707999119607,1.6797629164240977
9,1.9115952459163559,1.9440718704101696
