sample number,z_score,p_value
0,0.4841794410206287,1.3717414738229636
1,1.6057204305815573,1.891664649756619
2,1.0959290716902255,1.726890184518093
3,1.5037621588032906,1.8673573821069873
4,2.6253031483642193,1.991342814834831
5,1.299845615246759,1.8063461121231774
6,2.0135535176946227,1.955943569213973
7,2.217470061251154,1.9734090132865947
8,2.319428333029421,1.9796281771375057
9,0.07634635390756561,1.0608564516550636
