sample number,z_score,p_value
0,0.790054256355427,1.5705039171153428
1,1.5037621588032906,1.8673573821069873
2,1.299845615246759,1.8063461121231774
3,2.319428333029421,1.9796281771375057
4,1.8096369741380889,1.929647897813398
5,-0.5354032767620311,0.5923710247614887
6,0.6880959845771624,1.508607661050398
7,2.0135535176946227,1.955943569213973
8,0.28026289746409716,1.220724185928657
9,1.0959290716902255,1.726890184518093
